true_label,predicted_label,confidence,true_class,predicted_class,probabilities,correct
0,0,0.9870193004608154,NORMAL,NORMAL,"[0.9870193004608154, 0.004527625627815723, 0.008453093469142914]",True
0,0,0.9739056825637817,NORMAL,NORMAL,"[0.9739056825637817, 0.016048653051257133, 0.010045643895864487]",True
0,0,0.9977115392684937,NORMAL,NORMAL,"[0.9977115392684937, 0.0016496444586664438, 0.0006388312904164195]",True
0,0,0.7643421292304993,NORMAL,NORMAL,"[0.7643421292304993, 0.1359608769416809, 0.09969701617956161]",True
0,0,0.890339732170105,NORMAL,NORMAL,"[0.890339732170105, 0.05188800394535065, 0.057772304862737656]",True
0,0,0.9692242741584778,NORMAL,NORMAL,"[0.9692242741584778, 0.019952667877078056, 0.010823041200637817]",True
0,0,0.9754989147186279,NORMAL,NORMAL,"[0.9754989147186279, 0.014316897839307785, 0.010184187442064285]",True
0,2,0.8530576229095459,NORMAL,VIRAL,"[0.05658469721674919, 0.09035763144493103, 0.8530576229095459]",False
0,0,0.9647741317749023,NORMAL,NORMAL,"[0.9647741317749023, 0.010108113288879395, 0.0251177866011858]",True
0,0,0.9642572402954102,NORMAL,NORMAL,"[0.9642572402954102, 0.023856718093156815, 0.01188606582581997]",True
0,0,0.9920462369918823,NORMAL,NORMAL,"[0.9920462369918823, 0.0029629783239215612, 0.004990795627236366]",True
0,0,0.8543055057525635,NORMAL,NORMAL,"[0.8543055057525635, 0.050162430852651596, 0.09553195536136627]",True
0,0,0.9214475750923157,NORMAL,NORMAL,"[0.9214475750923157, 0.03981053829193115, 0.03874189034104347]",True
0,0,0.9789957404136658,NORMAL,NORMAL,"[0.9789957404136658, 0.010833952575922012, 0.01017025113105774]",True
0,0,0.9897666573524475,NORMAL,NORMAL,"[0.9897666573524475, 0.0051811691373586655, 0.005052201449871063]",True
0,0,0.6016427278518677,NORMAL,NORMAL,"[0.6016427278518677, 0.11288927495479584, 0.2854680120944977]",True
0,0,0.9934290051460266,NORMAL,NORMAL,"[0.9934290051460266, 0.0031149580609053373, 0.0034560493659228086]",True
0,0,0.9924875497817993,NORMAL,NORMAL,"[0.9924875497817993, 0.003587079234421253, 0.003925467375665903]",True
0,0,0.9883031249046326,NORMAL,NORMAL,"[0.9883031249046326, 0.0037590323481708765, 0.007937944494187832]",True
0,0,0.9962683320045471,NORMAL,NORMAL,"[0.9962683320045471, 0.0003457681741565466, 0.003385968040674925]",True
0,0,0.9820989370346069,NORMAL,NORMAL,"[0.9820989370346069, 0.007236027158796787, 0.010664960369467735]",True
0,1,0.376152902841568,NORMAL,BACTERIA,"[0.3188791275024414, 0.376152902841568, 0.3049679398536682]",False
0,0,0.9728115200996399,NORMAL,NORMAL,"[0.9728115200996399, 0.006755335722118616, 0.020433098077774048]",True
0,0,0.9783527851104736,NORMAL,NORMAL,"[0.9783527851104736, 0.01014791987836361, 0.011499411426484585]",True
0,0,0.9542193412780762,NORMAL,NORMAL,"[0.9542193412780762, 0.013575078919529915, 0.03220560774207115]",True
0,2,0.8388115763664246,NORMAL,VIRAL,"[0.07024144381284714, 0.0909469723701477, 0.8388115763664246]",False
0,0,0.996892511844635,NORMAL,NORMAL,"[0.996892511844635, 0.0013292076764628291, 0.001778347184881568]",True
0,0,0.9988740086555481,NORMAL,NORMAL,"[0.9988740086555481, 0.0005090315826237202, 0.0006169064436107874]",True
0,0,0.9900672435760498,NORMAL,NORMAL,"[0.9900672435760498, 0.00172738719265908, 0.008205296471714973]",True
0,0,0.9991872906684875,NORMAL,NORMAL,"[0.9991872906684875, 0.00040184438694268465, 0.000410775828640908]",True
0,0,0.9315324425697327,NORMAL,NORMAL,"[0.9315324425697327, 0.027404041960835457, 0.04106346517801285]",True
0,0,0.9791004061698914,NORMAL,NORMAL,"[0.9791004061698914, 0.011106167919933796, 0.009793426841497421]",True
0,0,0.9818366169929504,NORMAL,NORMAL,"[0.9818366169929504, 0.007929950952529907, 0.010233357548713684]",True
0,0,0.9940405488014221,NORMAL,NORMAL,"[0.9940405488014221, 0.0016840609023347497, 0.004275304730981588]",True
0,0,0.9393665194511414,NORMAL,NORMAL,"[0.9393665194511414, 0.029970789328217506, 0.03066270425915718]",True
0,0,0.9436962008476257,NORMAL,NORMAL,"[0.9436962008476257, 0.036207884550094604, 0.020095977932214737]",True
0,0,0.9995861649513245,NORMAL,NORMAL,"[0.9995861649513245, 0.000316141260555014, 9.77276504272595e-05]",True
0,0,0.9937112331390381,NORMAL,NORMAL,"[0.9937112331390381, 0.002574730198830366, 0.003714017104357481]",True
0,0,0.9936128258705139,NORMAL,NORMAL,"[0.9936128258705139, 0.0035071009770035744, 0.002880116691812873]",True
0,0,0.7011008262634277,NORMAL,NORMAL,"[0.7011008262634277, 0.15665732324123383, 0.14224189519882202]",True
0,0,0.9819415807723999,NORMAL,NORMAL,"[0.9819415807723999, 0.00994396023452282, 0.008114533498883247]",True
0,0,0.899836540222168,NORMAL,NORMAL,"[0.899836540222168, 0.02776147611439228, 0.07240201532840729]",True
0,0,0.9868215918540955,NORMAL,NORMAL,"[0.9868215918540955, 0.007454310078173876, 0.00572420796379447]",True
0,0,0.9982314705848694,NORMAL,NORMAL,"[0.9982314705848694, 0.0005843801773153245, 0.0011841743253171444]",True
0,0,0.9572398662567139,NORMAL,NORMAL,"[0.9572398662567139, 0.01575016789138317, 0.027009911835193634]",True
0,0,0.9956229329109192,NORMAL,NORMAL,"[0.9956229329109192, 0.0019461148185655475, 0.0024309519212692976]",True
0,0,0.9827757477760315,NORMAL,NORMAL,"[0.9827757477760315, 0.0037008514627814293, 0.013523492962121964]",True
0,0,0.7717750072479248,NORMAL,NORMAL,"[0.7717750072479248, 0.08150491118431091, 0.1467200517654419]",True
0,0,0.9851865172386169,NORMAL,NORMAL,"[0.9851865172386169, 0.006401542108505964, 0.008412004448473454]",True
0,1,0.4512675106525421,NORMAL,BACTERIA,"[0.43113020062446594, 0.4512675106525421, 0.11760225147008896]",False
0,0,0.9884666204452515,NORMAL,NORMAL,"[0.9884666204452515, 0.004520101472735405, 0.007013209164142609]",True
0,0,0.9967138767242432,NORMAL,NORMAL,"[0.9967138767242432, 0.0010620091343298554, 0.0022241470869630575]",True
0,0,0.978991687297821,NORMAL,NORMAL,"[0.978991687297821, 0.00679579796269536, 0.014212418347597122]",True
0,0,0.9531338214874268,NORMAL,NORMAL,"[0.9531338214874268, 0.02136870287358761, 0.025497404858469963]",True
0,0,0.8125357627868652,NORMAL,NORMAL,"[0.8125357627868652, 0.068869449198246, 0.11859474331140518]",True
0,2,0.8710945248603821,NORMAL,VIRAL,"[0.02455538511276245, 0.10435011237859726, 0.8710945248603821]",False
0,0,0.7329714298248291,NORMAL,NORMAL,"[0.7329714298248291, 0.1044173464179039, 0.1626112461090088]",True
0,0,0.9410779476165771,NORMAL,NORMAL,"[0.9410779476165771, 0.018911859020590782, 0.04001017287373543]",True
0,0,0.963749885559082,NORMAL,NORMAL,"[0.963749885559082, 0.013530068099498749, 0.022719986736774445]",True
0,0,0.9920353293418884,NORMAL,NORMAL,"[0.9920353293418884, 0.004110736306756735, 0.0038539795204997063]",True
0,0,0.814877986907959,NORMAL,NORMAL,"[0.814877986907959, 0.12960264086723328, 0.05551943555474281]",True
0,0,0.9913185834884644,NORMAL,NORMAL,"[0.9913185834884644, 0.0037605559919029474, 0.004920865409076214]",True
0,0,0.994975209236145,NORMAL,NORMAL,"[0.994975209236145, 0.0008119414560496807, 0.0042129638604819775]",True
0,0,0.9711682796478271,NORMAL,NORMAL,"[0.9711682796478271, 0.012251827865839005, 0.016579922288656235]",True
0,0,0.9908689260482788,NORMAL,NORMAL,"[0.9908689260482788, 0.0016487162793055177, 0.0074823955073952675]",True
0,0,0.9635850191116333,NORMAL,NORMAL,"[0.9635850191116333, 0.016065401956439018, 0.02034958079457283]",True
0,0,0.9831545352935791,NORMAL,NORMAL,"[0.9831545352935791, 0.011637064628303051, 0.005208396352827549]",True
0,0,0.9645124673843384,NORMAL,NORMAL,"[0.9645124673843384, 0.010781298391520977, 0.024706177413463593]",True
0,1,0.36620375514030457,NORMAL,BACTERIA,"[0.2875831127166748, 0.36620375514030457, 0.346213161945343]",False
0,0,0.9502428770065308,NORMAL,NORMAL,"[0.9502428770065308, 0.025612661615014076, 0.024144457653164864]",True
0,0,0.4576147794723511,NORMAL,NORMAL,"[0.4576147794723511, 0.13669708371162415, 0.40568807721138]",True
0,0,0.6886687278747559,NORMAL,NORMAL,"[0.6886687278747559, 0.14729687571525574, 0.16403435170650482]",True
0,0,0.8505781292915344,NORMAL,NORMAL,"[0.8505781292915344, 0.03984332084655762, 0.10957862436771393]",True
0,0,0.8815125226974487,NORMAL,NORMAL,"[0.8815125226974487, 0.030629929155111313, 0.08785755187273026]",True
0,0,0.998608410358429,NORMAL,NORMAL,"[0.998608410358429, 0.0008801206131465733, 0.0005115149542689323]",True
0,0,0.9951747059822083,NORMAL,NORMAL,"[0.9951747059822083, 0.00273534725420177, 0.0020900205709040165]",True
0,0,0.9945471286773682,NORMAL,NORMAL,"[0.9945471286773682, 0.0020486689172685146, 0.0034042256884276867]",True
0,0,0.9224771857261658,NORMAL,NORMAL,"[0.9224771857261658, 0.0381091944873333, 0.03941371291875839]",True
0,0,0.9661919474601746,NORMAL,NORMAL,"[0.9661919474601746, 0.02034924179315567, 0.013458793982863426]",True
0,0,0.9995883107185364,NORMAL,NORMAL,"[0.9995883107185364, 6.26492255833e-05, 0.00034904098720289767]",True
0,0,0.9974236488342285,NORMAL,NORMAL,"[0.9974236488342285, 0.0009560807375237346, 0.0016203027917072177]",True
0,0,0.5118252635002136,NORMAL,NORMAL,"[0.5118252635002136, 0.2151680588722229, 0.27300670742988586]",True
0,0,0.9477776885032654,NORMAL,NORMAL,"[0.9477776885032654, 0.03387196734547615, 0.01835031434893608]",True
0,0,0.9118068218231201,NORMAL,NORMAL,"[0.9118068218231201, 0.015596668235957623, 0.07259649783372879]",True
0,0,0.8319452404975891,NORMAL,NORMAL,"[0.8319452404975891, 0.10781701654195786, 0.06023779883980751]",True
0,0,0.9948397278785706,NORMAL,NORMAL,"[0.9948397278785706, 0.0010393282864242792, 0.0041208695620298386]",True
0,1,0.4906557500362396,NORMAL,BACTERIA,"[0.33048078417778015, 0.4906557500362396, 0.17886345088481903]",False
0,0,0.9898367524147034,NORMAL,NORMAL,"[0.9898367524147034, 0.0023743645288050175, 0.007788962218910456]",True
0,0,0.925210177898407,NORMAL,NORMAL,"[0.925210177898407, 0.05646270513534546, 0.018327025696635246]",True
0,0,0.43276625871658325,NORMAL,NORMAL,"[0.43276625871658325, 0.28997817635536194, 0.2772555649280548]",True
0,0,0.9989724159240723,NORMAL,NORMAL,"[0.9989724159240723, 0.0004184739664196968, 0.0006091312388889492]",True
0,0,0.9390157461166382,NORMAL,NORMAL,"[0.9390157461166382, 0.03070252202451229, 0.03028169274330139]",True
0,0,0.9201958775520325,NORMAL,NORMAL,"[0.9201958775520325, 0.03448424115777016, 0.04531986266374588]",True
0,0,0.9971885085105896,NORMAL,NORMAL,"[0.9971885085105896, 0.0011989540653303266, 0.0016124970279633999]",True
0,0,0.8118296265602112,NORMAL,NORMAL,"[0.8118296265602112, 0.1272212117910385, 0.0609491802752018]",True
0,0,0.9860175251960754,NORMAL,NORMAL,"[0.9860175251960754, 0.0038218358531594276, 0.010160652920603752]",True
0,0,0.9419029951095581,NORMAL,NORMAL,"[0.9419029951095581, 0.029728908091783524, 0.028368091210722923]",True
0,0,0.9852104783058167,NORMAL,NORMAL,"[0.9852104783058167, 0.004545002244412899, 0.010244532488286495]",True
0,0,0.9388735294342041,NORMAL,NORMAL,"[0.9388735294342041, 0.028607957065105438, 0.03251853212714195]",True
0,0,0.9810760021209717,NORMAL,NORMAL,"[0.9810760021209717, 0.00849680695682764, 0.010427153669297695]",True
0,0,0.9307835698127747,NORMAL,NORMAL,"[0.9307835698127747, 0.03477417305111885, 0.034442294389009476]",True
0,0,0.7495583295822144,NORMAL,NORMAL,"[0.7495583295822144, 0.08907175809144974, 0.16136984527111053]",True
0,0,0.9895708560943604,NORMAL,NORMAL,"[0.9895708560943604, 0.0048216949217021465, 0.005607391241937876]",True
0,0,0.9684767723083496,NORMAL,NORMAL,"[0.9684767723083496, 0.019492030143737793, 0.012031227350234985]",True
0,0,0.9652121067047119,NORMAL,NORMAL,"[0.9652121067047119, 0.015412561595439911, 0.019375331699848175]",True
0,0,0.9925345182418823,NORMAL,NORMAL,"[0.9925345182418823, 0.004077144432812929, 0.0033883610740303993]",True
0,0,0.49309274554252625,NORMAL,NORMAL,"[0.49309274554252625, 0.043079156428575516, 0.4638281464576721]",True
0,0,0.9664545655250549,NORMAL,NORMAL,"[0.9664545655250549, 0.0071012601256370544, 0.026444222778081894]",True
0,0,0.9082419276237488,NORMAL,NORMAL,"[0.9082419276237488, 0.043357253074645996, 0.04840080067515373]",True
0,0,0.9329215884208679,NORMAL,NORMAL,"[0.9329215884208679, 0.024721315130591393, 0.04235706478357315]",True
0,0,0.9936410784721375,NORMAL,NORMAL,"[0.9936410784721375, 0.00358643289655447, 0.0027724194806069136]",True
0,0,0.9670875072479248,NORMAL,NORMAL,"[0.9670875072479248, 0.009467159397900105, 0.023445380851626396]",True
0,0,0.4878574311733246,NORMAL,NORMAL,"[0.4878574311733246, 0.3124813437461853, 0.1996612399816513]",True
0,0,0.9986026883125305,NORMAL,NORMAL,"[0.9986026883125305, 0.0005369579303078353, 0.0008603375172242522]",True
0,0,0.9370014667510986,NORMAL,NORMAL,"[0.9370014667510986, 0.033020954579114914, 0.029977481812238693]",True
0,0,0.9702684283256531,NORMAL,NORMAL,"[0.9702684283256531, 0.00388530595228076, 0.025846237316727638]",True
0,0,0.9938012957572937,NORMAL,NORMAL,"[0.9938012957572937, 0.0017081741243600845, 0.00449049286544323]",True
0,0,0.8444823622703552,NORMAL,NORMAL,"[0.8444823622703552, 0.06690086424350739, 0.08861681818962097]",True
0,0,0.9932025671005249,NORMAL,NORMAL,"[0.9932025671005249, 0.002872404409572482, 0.003925100900232792]",True
0,0,0.9958567023277283,NORMAL,NORMAL,"[0.9958567023277283, 0.0028569235000759363, 0.0012863471638411283]",True
0,0,0.976606011390686,NORMAL,NORMAL,"[0.976606011390686, 0.009260778315365314, 0.014133166521787643]",True
0,0,0.9263862371444702,NORMAL,NORMAL,"[0.9263862371444702, 0.05788067355751991, 0.01573304273188114]",True
0,0,0.9365750551223755,NORMAL,NORMAL,"[0.9365750551223755, 0.015923580154776573, 0.047501347959041595]",True
0,0,0.9742662906646729,NORMAL,NORMAL,"[0.9742662906646729, 0.00726952264085412, 0.01846417598426342]",True
0,2,0.4899449348449707,NORMAL,VIRAL,"[0.2499946802854538, 0.2600603699684143, 0.4899449348449707]",False
0,0,0.9935088157653809,NORMAL,NORMAL,"[0.9935088157653809, 0.0030102506279945374, 0.0034809778444468975]",True
0,0,0.9970988035202026,NORMAL,NORMAL,"[0.9970988035202026, 0.0004761391901411116, 0.002425085986033082]",True
0,1,0.6998984813690186,NORMAL,BACTERIA,"[0.16193675994873047, 0.6998984813690186, 0.13816480338573456]",False
0,0,0.9795483350753784,NORMAL,NORMAL,"[0.9795483350753784, 0.012497610412538052, 0.007954050786793232]",True
0,0,0.9577358365058899,NORMAL,NORMAL,"[0.9577358365058899, 0.02493569813668728, 0.017328443005681038]",True
0,0,0.9608799815177917,NORMAL,NORMAL,"[0.9608799815177917, 0.020995575934648514, 0.018124500289559364]",True
0,0,0.9494669437408447,NORMAL,NORMAL,"[0.9494669437408447, 0.01369160134345293, 0.03684147074818611]",True
0,0,0.9869701862335205,NORMAL,NORMAL,"[0.9869701862335205, 0.003283241530880332, 0.009746626019477844]",True
0,0,0.7680132389068604,NORMAL,NORMAL,"[0.7680132389068604, 0.1510358303785324, 0.08095081895589828]",True
0,0,0.9443731307983398,NORMAL,NORMAL,"[0.9443731307983398, 0.03122716024518013, 0.024399688467383385]",True
0,0,0.564656138420105,NORMAL,NORMAL,"[0.564656138420105, 0.08243943005800247, 0.35290443897247314]",True
0,0,0.9905913472175598,NORMAL,NORMAL,"[0.9905913472175598, 0.0022941704373806715, 0.007114380598068237]",True
0,0,0.9731989502906799,NORMAL,NORMAL,"[0.9731989502906799, 0.013818944804370403, 0.012982173822820187]",True
0,0,0.6156120300292969,NORMAL,NORMAL,"[0.6156120300292969, 0.12844190001487732, 0.2559460699558258]",True
0,0,0.5260514616966248,NORMAL,NORMAL,"[0.5260514616966248, 0.3163518011569977, 0.15759670734405518]",True
0,0,0.9667629599571228,NORMAL,NORMAL,"[0.9667629599571228, 0.011654971167445183, 0.021582087501883507]",True
0,0,0.9016278982162476,NORMAL,NORMAL,"[0.9016278982162476, 0.06554221361875534, 0.03282991051673889]",True
0,0,0.846988320350647,NORMAL,NORMAL,"[0.846988320350647, 0.08589876443147659, 0.06711293011903763]",True
0,0,0.5747700333595276,NORMAL,NORMAL,"[0.5747700333595276, 0.14102347195148468, 0.28420647978782654]",True
0,0,0.9077844023704529,NORMAL,NORMAL,"[0.9077844023704529, 0.058422259986400604, 0.033793382346630096]",True
0,0,0.9953122138977051,NORMAL,NORMAL,"[0.9953122138977051, 0.0005901679396629333, 0.004097596742212772]",True
0,0,0.9525275230407715,NORMAL,NORMAL,"[0.9525275230407715, 0.0275062657892704, 0.019966231659054756]",True
0,0,0.9625357985496521,NORMAL,NORMAL,"[0.9625357985496521, 0.013232463039457798, 0.024231793358922005]",True
0,0,0.9914678335189819,NORMAL,NORMAL,"[0.9914678335189819, 0.0032943272963166237, 0.00523780332878232]",True
0,0,0.9764816164970398,NORMAL,NORMAL,"[0.9764816164970398, 0.012413522228598595, 0.011104881763458252]",True
0,0,0.9981794357299805,NORMAL,NORMAL,"[0.9981794357299805, 0.0004611568001564592, 0.0013594029005616903]",True
0,2,0.8815626502037048,NORMAL,VIRAL,"[0.01598980650305748, 0.10244754701852798, 0.8815626502037048]",False
0,0,0.7456761002540588,NORMAL,NORMAL,"[0.7456761002540588, 0.0664290338754654, 0.18789491057395935]",True
0,0,0.4802027940750122,NORMAL,NORMAL,"[0.4802027940750122, 0.12735635042190552, 0.3924408257007599]",True
0,0,0.3826465606689453,NORMAL,NORMAL,"[0.3826465606689453, 0.24360495805740356, 0.3737485408782959]",True
0,0,0.9900826811790466,NORMAL,NORMAL,"[0.9900826811790466, 0.005920765455812216, 0.003996619489043951]",True
0,0,0.9980849027633667,NORMAL,NORMAL,"[0.9980849027633667, 0.001078295987099409, 0.0008367388509213924]",True
0,0,0.9948763251304626,NORMAL,NORMAL,"[0.9948763251304626, 0.003211862873286009, 0.0019117550691589713]",True
0,0,0.9800308346748352,NORMAL,NORMAL,"[0.9800308346748352, 0.011745008639991283, 0.008224163204431534]",True
0,0,0.9741541743278503,NORMAL,NORMAL,"[0.9741541743278503, 0.008107784204185009, 0.01773805171251297]",True
0,0,0.9279733300209045,NORMAL,NORMAL,"[0.9279733300209045, 0.03598548099398613, 0.03604122996330261]",True
0,0,0.9489579796791077,NORMAL,NORMAL,"[0.9489579796791077, 0.024363841861486435, 0.026678219437599182]",True
0,0,0.9161660671234131,NORMAL,NORMAL,"[0.9161660671234131, 0.05848366767168045, 0.025350237265229225]",True
0,0,0.9735925793647766,NORMAL,NORMAL,"[0.9735925793647766, 0.012916591949760914, 0.013490811921656132]",True
0,0,0.980745792388916,NORMAL,NORMAL,"[0.980745792388916, 0.007800647988915443, 0.01145358756184578]",True
0,0,0.977000892162323,NORMAL,NORMAL,"[0.977000892162323, 0.009663351811468601, 0.013335805386304855]",True
0,0,0.9256864786148071,NORMAL,NORMAL,"[0.9256864786148071, 0.009631345979869366, 0.06468208879232407]",True
0,0,0.9953663349151611,NORMAL,NORMAL,"[0.9953663349151611, 0.0024785902351140976, 0.002155017340555787]",True
0,0,0.7990174889564514,NORMAL,NORMAL,"[0.7990174889564514, 0.10631168633699417, 0.09467079490423203]",True
0,0,0.7626283764839172,NORMAL,NORMAL,"[0.7626283764839172, 0.044247668236494064, 0.19312389194965363]",True
0,0,0.92853182554245,NORMAL,NORMAL,"[0.92853182554245, 0.03745796158909798, 0.034010227769613266]",True
0,0,0.8916682600975037,NORMAL,NORMAL,"[0.8916682600975037, 0.08840673416852951, 0.01992500014603138]",True
0,0,0.7476900815963745,NORMAL,NORMAL,"[0.7476900815963745, 0.12559428811073303, 0.12671567499637604]",True
0,0,0.6408896446228027,NORMAL,NORMAL,"[0.6408896446228027, 0.07608753442764282, 0.28302279114723206]",True
0,0,0.9884436726570129,NORMAL,NORMAL,"[0.9884436726570129, 0.0061394996009767056, 0.005416895728558302]",True
0,0,0.9901548624038696,NORMAL,NORMAL,"[0.9901548624038696, 0.003861140226945281, 0.005983936600387096]",True
0,0,0.9966233968734741,NORMAL,NORMAL,"[0.9966233968734741, 0.0013858871534466743, 0.001990716205909848]",True
0,0,0.8169597387313843,NORMAL,NORMAL,"[0.8169597387313843, 0.10322225838899612, 0.07981806248426437]",True
0,0,0.9221817851066589,NORMAL,NORMAL,"[0.9221817851066589, 0.053613390773534775, 0.02420482039451599]",True
0,0,0.9034895896911621,NORMAL,NORMAL,"[0.9034895896911621, 0.06206882745027542, 0.03444155678153038]",True
0,0,0.9980384707450867,NORMAL,NORMAL,"[0.9980384707450867, 0.00062051962595433, 0.0013410268584266305]",True
0,0,0.9989928603172302,NORMAL,NORMAL,"[0.9989928603172302, 0.0003425855247769505, 0.0006645597168244421]",True
0,0,0.5028614401817322,NORMAL,NORMAL,"[0.5028614401817322, 0.04234180599451065, 0.45479682087898254]",True
0,0,0.9688257575035095,NORMAL,NORMAL,"[0.9688257575035095, 0.016178563237190247, 0.01499562431126833]",True
0,0,0.9556095004081726,NORMAL,NORMAL,"[0.9556095004081726, 0.014854737557470798, 0.02953573502600193]",True
0,0,0.9750511646270752,NORMAL,NORMAL,"[0.9750511646270752, 0.011318215169012547, 0.013630633242428303]",True
0,0,0.9142694473266602,NORMAL,NORMAL,"[0.9142694473266602, 0.04839075356721878, 0.03733981028199196]",True
0,2,0.7162107229232788,NORMAL,VIRAL,"[0.14808233082294464, 0.13570697605609894, 0.7162107229232788]",False
0,0,0.936834990978241,NORMAL,NORMAL,"[0.936834990978241, 0.01823112554848194, 0.04493390768766403]",True
0,0,0.9804756045341492,NORMAL,NORMAL,"[0.9804756045341492, 0.008895826525986195, 0.0106285335496068]",True
0,1,0.38871583342552185,NORMAL,BACTERIA,"[0.37269338965415955, 0.38871583342552185, 0.2385907620191574]",False
0,0,0.9947163462638855,NORMAL,NORMAL,"[0.9947163462638855, 0.0021918388083577156, 0.0030918254051357508]",True
0,2,0.484113484621048,NORMAL,VIRAL,"[0.1306534856557846, 0.38523298501968384, 0.484113484621048]",False
0,0,0.9922676682472229,NORMAL,NORMAL,"[0.9922676682472229, 0.0034101540222764015, 0.004322206601500511]",True
0,0,0.9652712941169739,NORMAL,NORMAL,"[0.9652712941169739, 0.014597618952393532, 0.020131126046180725]",True
0,0,0.9964472651481628,NORMAL,NORMAL,"[0.9964472651481628, 0.0023918927181512117, 0.0011609160574153066]",True
0,0,0.9781405925750732,NORMAL,NORMAL,"[0.9781405925750732, 0.011453849263489246, 0.010405605658888817]",True
0,0,0.9925657510757446,NORMAL,NORMAL,"[0.9925657510757446, 0.0044698333367705345, 0.002964370185509324]",True
0,0,0.9951013922691345,NORMAL,NORMAL,"[0.9951013922691345, 0.001719809602946043, 0.003178830724209547]",True
0,0,0.9785646200180054,NORMAL,NORMAL,"[0.9785646200180054, 0.0073028551414608955, 0.014132477343082428]",True
1,0,0.708808958530426,BACTERIA,NORMAL,"[0.708808958530426, 0.08198956400156021, 0.2092013955116272]",False
1,1,0.769731879234314,BACTERIA,BACTERIA,"[0.0010135786142200232, 0.769731879234314, 0.2292545586824417]",True
1,1,0.9298679232597351,BACTERIA,BACTERIA,"[7.982122042449191e-05, 0.9298679232597351, 0.07005230337381363]",True
1,1,0.9012346267700195,BACTERIA,BACTERIA,"[0.007584564853459597, 0.9012346267700195, 0.09118085354566574]",True
1,1,0.9104524850845337,BACTERIA,BACTERIA,"[0.013482705689966679, 0.9104524850845337, 0.07606483995914459]",True
1,0,0.5654469728469849,BACTERIA,NORMAL,"[0.5654469728469849, 0.26006585359573364, 0.1744871437549591]",False
1,1,0.8901318907737732,BACTERIA,BACTERIA,"[0.005609543528407812, 0.8901318907737732, 0.10425863415002823]",True
1,2,0.7366237044334412,BACTERIA,VIRAL,"[0.0017808935372158885, 0.26159539818763733, 0.7366237044334412]",False
1,1,0.44448748230934143,BACTERIA,BACTERIA,"[0.2471722662448883, 0.44448748230934143, 0.30834031105041504]",True
1,0,0.5196629166603088,BACTERIA,NORMAL,"[0.5196629166603088, 0.36878079175949097, 0.11155632883310318]",False
1,1,0.8138127326965332,BACTERIA,BACTERIA,"[0.00616488279774785, 0.8138127326965332, 0.18002241849899292]",True
1,1,0.5149447917938232,BACTERIA,BACTERIA,"[0.33645007014274597, 0.5149447917938232, 0.1486051231622696]",True
1,1,0.6851080656051636,BACTERIA,BACTERIA,"[0.02334314025938511, 0.6851080656051636, 0.2915487587451935]",True
1,1,0.5216503143310547,BACTERIA,BACTERIA,"[0.018340807408094406, 0.5216503143310547, 0.46000880002975464]",True
1,1,0.8533123135566711,BACTERIA,BACTERIA,"[0.00011941498814849183, 0.8533123135566711, 0.14656822383403778]",True
1,2,0.6900013089179993,BACTERIA,VIRAL,"[0.0029375196900218725, 0.30706119537353516, 0.6900013089179993]",False
1,0,0.5901060700416565,BACTERIA,NORMAL,"[0.5901060700416565, 0.22675412893295288, 0.18313980102539062]",False
1,2,0.5863931775093079,BACTERIA,VIRAL,"[0.005015169735997915, 0.40859168767929077, 0.5863931775093079]",False
1,1,0.8824247121810913,BACTERIA,BACTERIA,"[0.002543732291087508, 0.8824247121810913, 0.11503157764673233]",True
1,2,0.6509358882904053,BACTERIA,VIRAL,"[0.001803216291591525, 0.34726089239120483, 0.6509358882904053]",False
1,2,0.5336595177650452,BACTERIA,VIRAL,"[0.04761674627661705, 0.4187237620353699, 0.5336595177650452]",False
1,1,0.4928846061229706,BACTERIA,BACTERIA,"[0.23645609617233276, 0.4928846061229706, 0.2706593871116638]",True
1,1,0.6152582168579102,BACTERIA,BACTERIA,"[0.00086545932572335, 0.6152582168579102, 0.38387635350227356]",True
1,2,0.5352922081947327,BACTERIA,VIRAL,"[0.2963302433490753, 0.1683775633573532, 0.5352922081947327]",False
1,1,0.7554426789283752,BACTERIA,BACTERIA,"[0.004146532621234655, 0.7554426789283752, 0.240410715341568]",True
1,1,0.90040522813797,BACTERIA,BACTERIA,"[8.887768490239978e-05, 0.90040522813797, 0.09950590878725052]",True
1,0,0.4433898627758026,BACTERIA,NORMAL,"[0.4433898627758026, 0.37607696652412415, 0.18053323030471802]",False
1,1,0.8833372592926025,BACTERIA,BACTERIA,"[0.0026855149772018194, 0.8833372592926025, 0.11397724598646164]",True
1,0,0.5700241923332214,BACTERIA,NORMAL,"[0.5700241923332214, 0.17261067032814026, 0.2573651671409607]",False
1,1,0.5681408047676086,BACTERIA,BACTERIA,"[0.044011279940605164, 0.5681408047676086, 0.3878479301929474]",True
1,1,0.8669919967651367,BACTERIA,BACTERIA,"[0.00027106201741844416, 0.8669919967651367, 0.1327369064092636]",True
1,2,0.8299721479415894,BACTERIA,VIRAL,"[0.018260758370161057, 0.1517670750617981, 0.8299721479415894]",False
1,1,0.8914474844932556,BACTERIA,BACTERIA,"[0.0024855006486177444, 0.8914474844932556, 0.10606704652309418]",True
1,1,0.70974200963974,BACTERIA,BACTERIA,"[0.018143169581890106, 0.70974200963974, 0.27211490273475647]",True
1,1,0.9463214874267578,BACTERIA,BACTERIA,"[7.515023753512651e-05, 0.9463214874267578, 0.05360342934727669]",True
1,1,0.8810979723930359,BACTERIA,BACTERIA,"[0.0017326994566246867, 0.8810979723930359, 0.1171693429350853]",True
1,1,0.8691337704658508,BACTERIA,BACTERIA,"[0.0003454512043390423, 0.8691337704658508, 0.1305207759141922]",True
1,1,0.7038368582725525,BACTERIA,BACTERIA,"[0.00594597402960062, 0.7038368582725525, 0.29021719098091125]",True
1,1,0.7902254462242126,BACTERIA,BACTERIA,"[0.001499347505159676, 0.7902254462242126, 0.2082752138376236]",True
1,1,0.7919151186943054,BACTERIA,BACTERIA,"[0.00014985543384682387, 0.7919151186943054, 0.20793510973453522]",True
1,1,0.9621362090110779,BACTERIA,BACTERIA,"[0.0025147348642349243, 0.9621362090110779, 0.03534906730055809]",True
1,1,0.717176616191864,BACTERIA,BACTERIA,"[0.0008607107447460294, 0.717176616191864, 0.2819627821445465]",True
1,1,0.5557960271835327,BACTERIA,BACTERIA,"[0.03887298330664635, 0.5557960271835327, 0.40533098578453064]",True
1,1,0.9431172013282776,BACTERIA,BACTERIA,"[0.0001055535176419653, 0.9431172013282776, 0.056777238845825195]",True
1,1,0.954404890537262,BACTERIA,BACTERIA,"[0.00048804021207615733, 0.954404890537262, 0.04510701075196266]",True
1,1,0.7074967622756958,BACTERIA,BACTERIA,"[0.005714378319680691, 0.7074967622756958, 0.28678882122039795]",True
1,1,0.5218241810798645,BACTERIA,BACTERIA,"[0.2587940990924835, 0.5218241810798645, 0.2193816751241684]",True
1,2,0.4625536799430847,BACTERIA,VIRAL,"[0.07968157529830933, 0.45776474475860596, 0.4625536799430847]",False
1,1,0.6846058368682861,BACTERIA,BACTERIA,"[0.0028488116804510355, 0.6846058368682861, 0.3125453591346741]",True
1,1,0.5677648186683655,BACTERIA,BACTERIA,"[0.004002190660685301, 0.5677648186683655, 0.4282330274581909]",True
1,0,0.5083892941474915,BACTERIA,NORMAL,"[0.5083892941474915, 0.30207788944244385, 0.1895328313112259]",False
1,2,0.5868338346481323,BACTERIA,VIRAL,"[0.005382119677960873, 0.4077840745449066, 0.5868338346481323]",False
1,0,0.7122011780738831,BACTERIA,NORMAL,"[0.7122011780738831, 0.2124805748462677, 0.07531829178333282]",False
1,1,0.7061395049095154,BACTERIA,BACTERIA,"[0.011305269785225391, 0.7061395049095154, 0.2825552821159363]",True
1,1,0.8916623592376709,BACTERIA,BACTERIA,"[6.813446816522628e-05, 0.8916623592376709, 0.10826948285102844]",True
1,1,0.6753512620925903,BACTERIA,BACTERIA,"[0.002815892221406102, 0.6753512620925903, 0.32183292508125305]",True
1,1,0.882260262966156,BACTERIA,BACTERIA,"[0.003202809253707528, 0.882260262966156, 0.11453693360090256]",True
1,1,0.4373513162136078,BACTERIA,BACTERIA,"[0.2982545793056488, 0.4373513162136078, 0.2643941342830658]",True
1,1,0.9459558725357056,BACTERIA,BACTERIA,"[0.0009262467501685023, 0.9459558725357056, 0.05311791971325874]",True
1,1,0.7918100953102112,BACTERIA,BACTERIA,"[0.0020708872471004725, 0.7918100953102112, 0.20611906051635742]",True
1,1,0.8618896007537842,BACTERIA,BACTERIA,"[0.004743542522192001, 0.8618896007537842, 0.13336677849292755]",True
1,1,0.8207814693450928,BACTERIA,BACTERIA,"[0.021007005125284195, 0.8207814693450928, 0.15821154415607452]",True
1,1,0.69309401512146,BACTERIA,BACTERIA,"[0.007449536584317684, 0.69309401512146, 0.2994564473628998]",True
1,1,0.6894941329956055,BACTERIA,BACTERIA,"[0.0012817075476050377, 0.6894941329956055, 0.30922406911849976]",True
1,2,0.5586118102073669,BACTERIA,VIRAL,"[0.022028030827641487, 0.41936013102531433, 0.5586118102073669]",False
1,1,0.770800769329071,BACTERIA,BACTERIA,"[0.02069481834769249, 0.770800769329071, 0.20850443840026855]",True
1,1,0.6186034679412842,BACTERIA,BACTERIA,"[0.09414787590503693, 0.6186034679412842, 0.2872487008571625]",True
1,1,0.5512202978134155,BACTERIA,BACTERIA,"[0.006784562021493912, 0.5512202978134155, 0.44199517369270325]",True
1,1,0.855711817741394,BACTERIA,BACTERIA,"[0.001285544247366488, 0.855711817741394, 0.14300265908241272]",True
1,1,0.6443858742713928,BACTERIA,BACTERIA,"[0.0317833237349987, 0.6443858742713928, 0.32383081316947937]",True
1,1,0.9306744337081909,BACTERIA,BACTERIA,"[0.0008105522720143199, 0.9306744337081909, 0.06851501017808914]",True
1,1,0.7255988717079163,BACTERIA,BACTERIA,"[0.05062534660100937, 0.7255988717079163, 0.22377575933933258]",True
1,1,0.6851416230201721,BACTERIA,BACTERIA,"[0.002100907266139984, 0.6851416230201721, 0.3127574324607849]",True
1,1,0.8009188175201416,BACTERIA,BACTERIA,"[0.00033625640207901597, 0.8009188175201416, 0.1987449824810028]",True
1,1,0.6502028703689575,BACTERIA,BACTERIA,"[0.0005730002885684371, 0.6502028703689575, 0.34922412037849426]",True
1,1,0.5612655282020569,BACTERIA,BACTERIA,"[0.17101840674877167, 0.5612655282020569, 0.26771610975265503]",True
1,2,0.558514416217804,BACTERIA,VIRAL,"[0.03186119720339775, 0.4096244275569916, 0.558514416217804]",False
1,1,0.9231168031692505,BACTERIA,BACTERIA,"[0.013714933767914772, 0.9231168031692505, 0.06316825747489929]",True
1,1,0.9417600631713867,BACTERIA,BACTERIA,"[0.0002591654483694583, 0.9417600631713867, 0.05798085033893585]",True
1,1,0.9750374555587769,BACTERIA,BACTERIA,"[0.00020288603263907135, 0.9750374555587769, 0.02475961111485958]",True
1,1,0.900838315486908,BACTERIA,BACTERIA,"[0.001156934187747538, 0.900838315486908, 0.09800484031438828]",True
1,1,0.9122076034545898,BACTERIA,BACTERIA,"[3.852677400573157e-05, 0.9122076034545898, 0.08775392919778824]",True
1,1,0.9642988443374634,BACTERIA,BACTERIA,"[0.00271620973944664, 0.9642988443374634, 0.032984960824251175]",True
1,1,0.9290233254432678,BACTERIA,BACTERIA,"[0.0009347300510853529, 0.9290233254432678, 0.07004190981388092]",True
1,1,0.5444234609603882,BACTERIA,BACTERIA,"[0.006429639644920826, 0.5444234609603882, 0.4491470158100128]",True
1,1,0.633070170879364,BACTERIA,BACTERIA,"[0.0017461066599935293, 0.633070170879364, 0.3651837408542633]",True
1,2,0.6254576444625854,BACTERIA,VIRAL,"[0.007887648418545723, 0.366654634475708, 0.6254576444625854]",False
1,1,0.7937282919883728,BACTERIA,BACTERIA,"[0.0002945362066384405, 0.7937282919883728, 0.2059771567583084]",True
1,2,0.5367546081542969,BACTERIA,VIRAL,"[0.028984518721699715, 0.43426084518432617, 0.5367546081542969]",False
1,1,0.4278465807437897,BACTERIA,BACTERIA,"[0.2581620514392853, 0.4278465807437897, 0.31399139761924744]",True
1,1,0.6748091578483582,BACTERIA,BACTERIA,"[0.06788614392280579, 0.6748091578483582, 0.25730472803115845]",True
1,1,0.766339898109436,BACTERIA,BACTERIA,"[7.820389873813838e-05, 0.766339898109436, 0.23358184099197388]",True
1,2,0.5126471519470215,BACTERIA,VIRAL,"[0.0037976594176143408, 0.4835551977157593, 0.5126471519470215]",False
1,2,0.7333176136016846,BACTERIA,VIRAL,"[0.0006513617699965835, 0.26603102684020996, 0.7333176136016846]",False
1,2,0.846335232257843,BACTERIA,VIRAL,"[0.004079331643879414, 0.14958550035953522, 0.846335232257843]",False
1,2,0.8218789100646973,BACTERIA,VIRAL,"[0.001132763223722577, 0.17698831856250763, 0.8218789100646973]",False
1,0,0.9597907066345215,BACTERIA,NORMAL,"[0.9597907066345215, 0.01448606327176094, 0.02572326362133026]",False
1,1,0.8821769952774048,BACTERIA,BACTERIA,"[0.0018468593480065465, 0.8821769952774048, 0.11597612500190735]",True
1,1,0.6966420412063599,BACTERIA,BACTERIA,"[0.0014926849398761988, 0.6966420412063599, 0.3018653094768524]",True
1,1,0.8227292895317078,BACTERIA,BACTERIA,"[0.007984514348208904, 0.8227292895317078, 0.16928614675998688]",True
1,2,0.5826913118362427,BACTERIA,VIRAL,"[0.016751695424318314, 0.4005570709705353, 0.5826913118362427]",False
1,1,0.6544672250747681,BACTERIA,BACTERIA,"[0.0016221971018239856, 0.6544672250747681, 0.3439106345176697]",True
1,1,0.9310134649276733,BACTERIA,BACTERIA,"[0.00013565232802648097, 0.9310134649276733, 0.06885097920894623]",True
1,1,0.6029154658317566,BACTERIA,BACTERIA,"[0.0013450513361021876, 0.6029154658317566, 0.39573952555656433]",True
1,1,0.8094008564949036,BACTERIA,BACTERIA,"[0.02821374125778675, 0.8094008564949036, 0.16238537430763245]",True
1,1,0.8631905317306519,BACTERIA,BACTERIA,"[0.0003817585820797831, 0.8631905317306519, 0.13642776012420654]",True
1,1,0.8950405120849609,BACTERIA,BACTERIA,"[0.0034519259352236986, 0.8950405120849609, 0.10150744765996933]",True
1,1,0.7945960760116577,BACTERIA,BACTERIA,"[0.0015511242672801018, 0.7945960760116577, 0.2038528472185135]",True
1,1,0.8035697937011719,BACTERIA,BACTERIA,"[0.018979214131832123, 0.8035697937011719, 0.17745107412338257]",True
1,2,0.5578690767288208,BACTERIA,VIRAL,"[0.048949338495731354, 0.39318162202835083, 0.5578690767288208]",False
1,1,0.5373856425285339,BACTERIA,BACTERIA,"[0.0010477387113496661, 0.5373856425285339, 0.46156665682792664]",True
1,2,0.7209859490394592,BACTERIA,VIRAL,"[0.0007780634914524853, 0.2782360017299652, 0.7209859490394592]",False
1,0,0.8215610980987549,BACTERIA,NORMAL,"[0.8215610980987549, 0.08477046340703964, 0.0936683863401413]",False
1,1,0.7426146864891052,BACTERIA,BACTERIA,"[0.0001704070600681007, 0.7426146864891052, 0.25721490383148193]",True
1,1,0.5925358533859253,BACTERIA,BACTERIA,"[0.07388031482696533, 0.5925358533859253, 0.33358389139175415]",True
1,0,0.8279969096183777,BACTERIA,NORMAL,"[0.8279969096183777, 0.10440054535865784, 0.06760255247354507]",False
1,1,0.6579245924949646,BACTERIA,BACTERIA,"[0.005105186719447374, 0.6579245924949646, 0.3369702398777008]",True
1,1,0.599972665309906,BACTERIA,BACTERIA,"[0.04728090018033981, 0.599972665309906, 0.3527464270591736]",True
1,0,0.9094917178153992,BACTERIA,NORMAL,"[0.9094917178153992, 0.06769444048404694, 0.02281382493674755]",False
1,1,0.885365903377533,BACTERIA,BACTERIA,"[0.0012798068346455693, 0.885365903377533, 0.11335431039333344]",True
1,1,0.5130586624145508,BACTERIA,BACTERIA,"[0.0071742963045835495, 0.5130586624145508, 0.4797670543193817]",True
1,2,0.8474833369255066,BACTERIA,VIRAL,"[0.045136865228414536, 0.10737977176904678, 0.8474833369255066]",False
1,1,0.6042274832725525,BACTERIA,BACTERIA,"[0.004047286231070757, 0.6042274832725525, 0.39172524213790894]",True
1,1,0.8915960192680359,BACTERIA,BACTERIA,"[0.01804247312247753, 0.8915960192680359, 0.09036152809858322]",True
1,1,0.9050005674362183,BACTERIA,BACTERIA,"[0.003505246713757515, 0.9050005674362183, 0.09149408340454102]",True
1,1,0.8076925873756409,BACTERIA,BACTERIA,"[0.004231931641697884, 0.8076925873756409, 0.18807555735111237]",True
1,1,0.7538476586341858,BACTERIA,BACTERIA,"[0.036332666873931885, 0.7538476586341858, 0.20981967449188232]",True
1,2,0.6193016171455383,BACTERIA,VIRAL,"[0.22701896727085114, 0.15367941558361053, 0.6193016171455383]",False
1,1,0.8736146092414856,BACTERIA,BACTERIA,"[9.19304002309218e-05, 0.8736146092414856, 0.12629351019859314]",True
1,1,0.46168598532676697,BACTERIA,BACTERIA,"[0.1524183601140976, 0.46168598532676697, 0.38589566946029663]",True
1,1,0.7565286159515381,BACTERIA,BACTERIA,"[0.0008115673554129899, 0.7565286159515381, 0.2426598221063614]",True
1,1,0.8359808325767517,BACTERIA,BACTERIA,"[0.0028825318440794945, 0.8359808325767517, 0.16113661229610443]",True
1,1,0.7553781867027283,BACTERIA,BACTERIA,"[0.005681982729583979, 0.7553781867027283, 0.2389398068189621]",True
1,2,0.5014232397079468,BACTERIA,VIRAL,"[0.0043374705128371716, 0.49423930048942566, 0.5014232397079468]",False
1,1,0.8298121690750122,BACTERIA,BACTERIA,"[0.004409957677125931, 0.8298121690750122, 0.16577790677547455]",True
1,1,0.6600509881973267,BACTERIA,BACTERIA,"[0.01616997830569744, 0.6600509881973267, 0.32377898693084717]",True
1,1,0.4477303624153137,BACTERIA,BACTERIA,"[0.40101999044418335, 0.4477303624153137, 0.15124957263469696]",True
1,1,0.75223708152771,BACTERIA,BACTERIA,"[0.002678620396181941, 0.75223708152771, 0.2450842708349228]",True
1,2,0.6815272569656372,BACTERIA,VIRAL,"[0.005943705327808857, 0.312529057264328, 0.6815272569656372]",False
1,1,0.5355351567268372,BACTERIA,BACTERIA,"[0.018101945519447327, 0.5355351567268372, 0.44636285305023193]",True
1,1,0.9165763854980469,BACTERIA,BACTERIA,"[0.0005818054196424782, 0.9165763854980469, 0.08284175395965576]",True
1,1,0.9276648759841919,BACTERIA,BACTERIA,"[0.003915170673280954, 0.9276648759841919, 0.06841997802257538]",True
1,2,0.8959487080574036,BACTERIA,VIRAL,"[0.004222280811518431, 0.09982900321483612, 0.8959487080574036]",False
1,1,0.8090189099311829,BACTERIA,BACTERIA,"[0.0009674736065790057, 0.8090189099311829, 0.1900136023759842]",True
1,1,0.5518850684165955,BACTERIA,BACTERIA,"[0.002210212405771017, 0.5518850684165955, 0.4459046721458435]",True
1,1,0.7082370519638062,BACTERIA,BACTERIA,"[0.001742366817779839, 0.7082370519638062, 0.290020614862442]",True
1,1,0.6341924667358398,BACTERIA,BACTERIA,"[0.004965103697031736, 0.6341924667358398, 0.36084237694740295]",True
1,1,0.5345807075500488,BACTERIA,BACTERIA,"[0.0064541189931333065, 0.5345807075500488, 0.45896512269973755]",True
1,2,0.7102615237236023,BACTERIA,VIRAL,"[0.10289879143238068, 0.18683968484401703, 0.7102615237236023]",False
1,1,0.8971616625785828,BACTERIA,BACTERIA,"[0.0027384047862142324, 0.8971616625785828, 0.10009985417127609]",True
1,1,0.8808229565620422,BACTERIA,BACTERIA,"[0.0018238711636513472, 0.8808229565620422, 0.11735320836305618]",True
1,2,0.8716675639152527,BACTERIA,VIRAL,"[0.022267768159508705, 0.10606463253498077, 0.8716675639152527]",False
1,2,0.5054864287376404,BACTERIA,VIRAL,"[0.018519731238484383, 0.4759938418865204, 0.5054864287376404]",False
1,1,0.8174982666969299,BACTERIA,BACTERIA,"[0.03438227251172066, 0.8174982666969299, 0.1481194794178009]",True
1,0,0.5906326770782471,BACTERIA,NORMAL,"[0.5906326770782471, 0.24637733399868011, 0.16298998892307281]",False
1,1,0.7865339517593384,BACTERIA,BACTERIA,"[0.00699251564219594, 0.7865339517593384, 0.20647354423999786]",True
1,1,0.8838544487953186,BACTERIA,BACTERIA,"[0.0004588221781887114, 0.8838544487953186, 0.11568661034107208]",True
1,1,0.5224031805992126,BACTERIA,BACTERIA,"[0.012919405475258827, 0.5224031805992126, 0.46467745304107666]",True
1,1,0.7129273414611816,BACTERIA,BACTERIA,"[0.0006195877795107663, 0.7129273414611816, 0.28645309805870056]",True
1,0,0.34902915358543396,BACTERIA,NORMAL,"[0.34902915358543396, 0.31733205914497375, 0.3336387574672699]",False
1,2,0.5297656655311584,BACTERIA,VIRAL,"[0.00047246456961147487, 0.4697619378566742, 0.5297656655311584]",False
1,1,0.4426266849040985,BACTERIA,BACTERIA,"[0.20328597724437714, 0.4426266849040985, 0.35408735275268555]",True
1,1,0.8662263751029968,BACTERIA,BACTERIA,"[9.200301064993255e-06, 0.8662263751029968, 0.13376441597938538]",True
1,2,0.6667098999023438,BACTERIA,VIRAL,"[0.02302631363272667, 0.31026381254196167, 0.6667098999023438]",False
1,1,0.7148584127426147,BACTERIA,BACTERIA,"[0.03121311031281948, 0.7148584127426147, 0.2539284825325012]",True
1,1,0.5440717935562134,BACTERIA,BACTERIA,"[0.00014210004883352667, 0.5440717935562134, 0.4557861387729645]",True
1,1,0.9372173547744751,BACTERIA,BACTERIA,"[0.0005708990502171218, 0.9372173547744751, 0.062211763113737106]",True
1,1,0.5053309798240662,BACTERIA,BACTERIA,"[0.0024197695311158895, 0.5053309798240662, 0.4922493100166321]",True
1,1,0.9141855835914612,BACTERIA,BACTERIA,"[0.002388689899817109, 0.9141855835914612, 0.08342568576335907]",True
1,1,0.813409686088562,BACTERIA,BACTERIA,"[0.0023246596101671457, 0.813409686088562, 0.1842656135559082]",True
1,1,0.9741770029067993,BACTERIA,BACTERIA,"[0.0021544182673096657, 0.9741770029067993, 0.02366854064166546]",True
1,1,0.8367739915847778,BACTERIA,BACTERIA,"[0.01145484670996666, 0.8367739915847778, 0.1517712026834488]",True
1,1,0.7698853611946106,BACTERIA,BACTERIA,"[0.001332631567493081, 0.7698853611946106, 0.2287820428609848]",True
1,1,0.8710099458694458,BACTERIA,BACTERIA,"[0.00629506865516305, 0.8710099458694458, 0.12269502133131027]",True
1,2,0.6399152278900146,BACTERIA,VIRAL,"[0.0777302011847496, 0.28235456347465515, 0.6399152278900146]",False
1,1,0.6224284768104553,BACTERIA,BACTERIA,"[0.022604268044233322, 0.6224284768104553, 0.35496723651885986]",True
1,1,0.7605079412460327,BACTERIA,BACTERIA,"[0.004140420816838741, 0.7605079412460327, 0.2353515774011612]",True
1,2,0.43472594022750854,BACTERIA,VIRAL,"[0.2526732385158539, 0.3126008212566376, 0.43472594022750854]",False
1,2,0.8036022186279297,BACTERIA,VIRAL,"[0.0037372522056102753, 0.19266057014465332, 0.8036022186279297]",False
1,1,0.6063207983970642,BACTERIA,BACTERIA,"[0.06959796696901321, 0.6063207983970642, 0.32408130168914795]",True
1,1,0.7421357035636902,BACTERIA,BACTERIA,"[0.019165730103850365, 0.7421357035636902, 0.23869845271110535]",True
1,1,0.6249257922172546,BACTERIA,BACTERIA,"[0.10831893235445023, 0.6249257922172546, 0.26675522327423096]",True
1,1,0.8788856267929077,BACTERIA,BACTERIA,"[9.020439756568521e-05, 0.8788856267929077, 0.1210242435336113]",True
1,2,0.6641722917556763,BACTERIA,VIRAL,"[0.07137797772884369, 0.2644496262073517, 0.6641722917556763]",False
1,1,0.8274330496788025,BACTERIA,BACTERIA,"[3.291150278528221e-05, 0.8274330496788025, 0.17253397405147552]",True
1,1,0.7392024397850037,BACTERIA,BACTERIA,"[0.014661903493106365, 0.7392024397850037, 0.2461356520652771]",True
1,1,0.4516850411891937,BACTERIA,BACTERIA,"[0.20644642412662506, 0.4516850411891937, 0.34186843037605286]",True
1,2,0.5273536443710327,BACTERIA,VIRAL,"[0.020007140934467316, 0.4526391625404358, 0.5273536443710327]",False
1,1,0.8402917385101318,BACTERIA,BACTERIA,"[0.0014793139416724443, 0.8402917385101318, 0.15822897851467133]",True
1,1,0.8126184940338135,BACTERIA,BACTERIA,"[0.0010596808278933167, 0.8126184940338135, 0.18632185459136963]",True
1,2,0.7008188366889954,BACTERIA,VIRAL,"[0.06152167171239853, 0.2376595288515091, 0.7008188366889954]",False
1,2,0.8234021663665771,BACTERIA,VIRAL,"[0.004677928052842617, 0.17191991209983826, 0.8234021663665771]",False
1,1,0.7399304509162903,BACTERIA,BACTERIA,"[0.005301634781062603, 0.7399304509162903, 0.25476783514022827]",True
1,1,0.9154998660087585,BACTERIA,BACTERIA,"[4.352359610493295e-05, 0.9154998660087585, 0.08445654809474945]",True
1,1,0.9075786471366882,BACTERIA,BACTERIA,"[0.0003266882267780602, 0.9075786471366882, 0.09209465235471725]",True
1,1,0.9130631685256958,BACTERIA,BACTERIA,"[5.82252541789785e-05, 0.9130631685256958, 0.08687862753868103]",True
1,1,0.7690033316612244,BACTERIA,BACTERIA,"[0.03647605702280998, 0.7690033316612244, 0.19452066719532013]",True
1,2,0.5624350309371948,BACTERIA,VIRAL,"[0.0005566449835896492, 0.4370082914829254, 0.5624350309371948]",False
1,0,0.686190128326416,BACTERIA,NORMAL,"[0.686190128326416, 0.14206618070602417, 0.171743705868721]",False
1,1,0.8526880741119385,BACTERIA,BACTERIA,"[0.0012331967009231448, 0.8526880741119385, 0.1460786908864975]",True
2,2,0.9494504332542419,VIRAL,VIRAL,"[0.006501697935163975, 0.04404786601662636, 0.9494504332542419]",True
2,1,0.7854570746421814,VIRAL,BACTERIA,"[0.0038873618468642235, 0.7854570746421814, 0.21065549552440643]",False
2,0,0.6227483153343201,VIRAL,NORMAL,"[0.6227483153343201, 0.20853477716445923, 0.1687169224023819]",False
2,2,0.9345525503158569,VIRAL,VIRAL,"[0.0012335287174209952, 0.06421398371458054, 0.9345525503158569]",True
2,2,0.6235178709030151,VIRAL,VIRAL,"[0.03154991939663887, 0.3449321985244751, 0.6235178709030151]",True
2,2,0.5501696467399597,VIRAL,VIRAL,"[0.020738719031214714, 0.4290917217731476, 0.5501696467399597]",True
2,2,0.9074060916900635,VIRAL,VIRAL,"[0.01883603446185589, 0.07375792413949966, 0.9074060916900635]",True
2,2,0.8702413439750671,VIRAL,VIRAL,"[0.0021619575563818216, 0.1275966614484787, 0.8702413439750671]",True
2,2,0.858806848526001,VIRAL,VIRAL,"[0.00011493999772937968, 0.14107820391654968, 0.858806848526001]",True
2,2,0.8727983236312866,VIRAL,VIRAL,"[0.00033285378594882786, 0.1268688440322876, 0.8727983236312866]",True
2,2,0.8216306567192078,VIRAL,VIRAL,"[0.012652898207306862, 0.16571646928787231, 0.8216306567192078]",True
2,2,0.9455400109291077,VIRAL,VIRAL,"[0.009208216331899166, 0.04525170102715492, 0.9455400109291077]",True
2,2,0.6412320137023926,VIRAL,VIRAL,"[0.0023663656320422888, 0.35640162229537964, 0.6412320137023926]",True
2,2,0.8259429931640625,VIRAL,VIRAL,"[0.036990951746702194, 0.1370660960674286, 0.8259429931640625]",True
2,1,0.8527294993400574,VIRAL,BACTERIA,"[0.00023333400895353407, 0.8527294993400574, 0.14703719317913055]",False
2,2,0.8236492872238159,VIRAL,VIRAL,"[0.011225882917642593, 0.1651248335838318, 0.8236492872238159]",True
2,2,0.9148011803627014,VIRAL,VIRAL,"[0.002426991006359458, 0.08277178555727005, 0.9148011803627014]",True
2,2,0.9362989068031311,VIRAL,VIRAL,"[0.0023716818541288376, 0.06132941693067551, 0.9362989068031311]",True
2,1,0.5717237591743469,VIRAL,BACTERIA,"[0.047509659081697464, 0.5717237591743469, 0.38076654076576233]",False
2,2,0.8801422119140625,VIRAL,VIRAL,"[0.009383926168084145, 0.11047389358282089, 0.8801422119140625]",True
2,1,0.649294376373291,VIRAL,BACTERIA,"[0.020100504159927368, 0.649294376373291, 0.33060508966445923]",False
2,2,0.6360629200935364,VIRAL,VIRAL,"[0.06904707103967667, 0.29488998651504517, 0.6360629200935364]",True
2,2,0.8715987205505371,VIRAL,VIRAL,"[0.02154243364930153, 0.1068587601184845, 0.8715987205505371]",True
2,2,0.8944283127784729,VIRAL,VIRAL,"[0.054039116948843, 0.0515325553715229, 0.8944283127784729]",True
2,2,0.8169894218444824,VIRAL,VIRAL,"[0.059635572135448456, 0.12337503582239151, 0.8169894218444824]",True
2,2,0.7348138689994812,VIRAL,VIRAL,"[0.02696823701262474, 0.23821787536144257, 0.7348138689994812]",True
2,2,0.9193055629730225,VIRAL,VIRAL,"[0.01502513699233532, 0.06566929817199707, 0.9193055629730225]",True
2,0,0.5119344592094421,VIRAL,NORMAL,"[0.5119344592094421, 0.0562521368265152, 0.43181344866752625]",False
2,0,0.8064689636230469,VIRAL,NORMAL,"[0.8064689636230469, 0.06610053032636642, 0.12743045389652252]",False
2,2,0.5609403252601624,VIRAL,VIRAL,"[0.004738927353173494, 0.43432074785232544, 0.5609403252601624]",True
2,1,0.7849490642547607,VIRAL,BACTERIA,"[0.0010488112457096577, 0.7849490642547607, 0.21400216221809387]",False
2,2,0.9343717098236084,VIRAL,VIRAL,"[0.008793318644165993, 0.05683492124080658, 0.9343717098236084]",True
2,2,0.8238186836242676,VIRAL,VIRAL,"[0.0143580362200737, 0.16182321310043335, 0.8238186836242676]",True
2,2,0.5669169425964355,VIRAL,VIRAL,"[0.00582727137953043, 0.4272557199001312, 0.5669169425964355]",True
2,2,0.634170651435852,VIRAL,VIRAL,"[0.007736721076071262, 0.35809266567230225, 0.634170651435852]",True
2,2,0.764726459980011,VIRAL,VIRAL,"[0.008514485321938992, 0.22675907611846924, 0.764726459980011]",True
2,2,0.8810038566589355,VIRAL,VIRAL,"[0.08011844754219055, 0.03887768089771271, 0.8810038566589355]",True
2,1,0.5363977551460266,VIRAL,BACTERIA,"[0.011839804239571095, 0.5363977551460266, 0.45176246762275696]",False
2,2,0.8301824927330017,VIRAL,VIRAL,"[0.012957438826560974, 0.1568600982427597, 0.8301824927330017]",True
2,2,0.5077521204948425,VIRAL,VIRAL,"[0.05552571266889572, 0.4367222189903259, 0.5077521204948425]",True
2,2,0.6479422450065613,VIRAL,VIRAL,"[0.0038182702846825123, 0.3482395112514496, 0.6479422450065613]",True
2,0,0.8736605048179626,VIRAL,NORMAL,"[0.8736605048179626, 0.09224656224250793, 0.034092891961336136]",False
2,2,0.8712145686149597,VIRAL,VIRAL,"[0.037999849766492844, 0.09078557789325714, 0.8712145686149597]",True
2,0,0.702072262763977,VIRAL,NORMAL,"[0.702072262763977, 0.23538775742053986, 0.06254000961780548]",False
2,2,0.853123664855957,VIRAL,VIRAL,"[0.004319665487855673, 0.14255672693252563, 0.853123664855957]",True
2,1,0.7357444763183594,VIRAL,BACTERIA,"[0.00047592807095497847, 0.7357444763183594, 0.2637796103954315]",False
2,2,0.4890855848789215,VIRAL,VIRAL,"[0.035471830517053604, 0.4754425287246704, 0.4890855848789215]",True
2,2,0.6706082224845886,VIRAL,VIRAL,"[0.027033565565943718, 0.3023582398891449, 0.6706082224845886]",True
2,2,0.9364068508148193,VIRAL,VIRAL,"[0.0009104795171879232, 0.06268264353275299, 0.9364068508148193]",True
2,1,0.5523138642311096,VIRAL,BACTERIA,"[0.007919547148048878, 0.5523138642311096, 0.43976664543151855]",False
2,2,0.6754623055458069,VIRAL,VIRAL,"[0.013608857989311218, 0.3109288513660431, 0.6754623055458069]",True
2,2,0.7757722735404968,VIRAL,VIRAL,"[0.06606161594390869, 0.1581660956144333, 0.7757722735404968]",True
2,1,0.5310055017471313,VIRAL,BACTERIA,"[0.3616287410259247, 0.5310055017471313, 0.10736577957868576]",False
2,1,0.6507923007011414,VIRAL,BACTERIA,"[0.0003783631545957178, 0.6507923007011414, 0.34882932901382446]",False
2,2,0.646550178527832,VIRAL,VIRAL,"[0.009512294083833694, 0.343937486410141, 0.646550178527832]",True
2,2,0.5404312014579773,VIRAL,VIRAL,"[0.09224382042884827, 0.3673250079154968, 0.5404312014579773]",True
2,2,0.4987707734107971,VIRAL,VIRAL,"[0.03293941169977188, 0.4682897925376892, 0.4987707734107971]",True
2,2,0.7951531410217285,VIRAL,VIRAL,"[0.028381600975990295, 0.17646527290344238, 0.7951531410217285]",True
2,1,0.5267859101295471,VIRAL,BACTERIA,"[0.0016543520614504814, 0.5267859101295471, 0.4715597927570343]",False
2,2,0.8783522844314575,VIRAL,VIRAL,"[0.011559835635125637, 0.1100878193974495, 0.8783522844314575]",True
2,1,0.8385401964187622,VIRAL,BACTERIA,"[0.0005535254022106528, 0.8385401964187622, 0.16090625524520874]",False
2,2,0.8266049027442932,VIRAL,VIRAL,"[0.004535191226750612, 0.16885994374752045, 0.8266049027442932]",True
2,2,0.7502692937850952,VIRAL,VIRAL,"[0.0939129889011383, 0.15581770241260529, 0.7502692937850952]",True
2,2,0.6521510481834412,VIRAL,VIRAL,"[0.059643782675266266, 0.2882051467895508, 0.6521510481834412]",True
2,1,0.5132728815078735,VIRAL,BACTERIA,"[0.014830503612756729, 0.5132728815078735, 0.4718966484069824]",False
2,1,0.6677103042602539,VIRAL,BACTERIA,"[0.01135067269206047, 0.6677103042602539, 0.3209390640258789]",False
2,2,0.8018680810928345,VIRAL,VIRAL,"[0.023502515628933907, 0.17462944984436035, 0.8018680810928345]",True
2,2,0.7093973755836487,VIRAL,VIRAL,"[0.025335613638162613, 0.2652669847011566, 0.7093973755836487]",True
2,1,0.5102537870407104,VIRAL,BACTERIA,"[0.004397852811962366, 0.5102537870407104, 0.48534834384918213]",False
2,2,0.7311946749687195,VIRAL,VIRAL,"[0.025932496413588524, 0.24287283420562744, 0.7311946749687195]",True
2,2,0.4655742049217224,VIRAL,VIRAL,"[0.11055037379264832, 0.42387545108795166, 0.4655742049217224]",True
2,2,0.6108409762382507,VIRAL,VIRAL,"[0.013415765948593616, 0.3757433295249939, 0.6108409762382507]",True
2,2,0.9272308945655823,VIRAL,VIRAL,"[0.001091957907192409, 0.07167709618806839, 0.9272308945655823]",True
2,2,0.431570827960968,VIRAL,VIRAL,"[0.430200457572937, 0.13822872936725616, 0.431570827960968]",True
2,2,0.8473889827728271,VIRAL,VIRAL,"[0.018405571579933167, 0.1342053860425949, 0.8473889827728271]",True
2,2,0.8944422602653503,VIRAL,VIRAL,"[0.0007841122569516301, 0.10477365553379059, 0.8944422602653503]",True
2,1,0.7664756774902344,VIRAL,BACTERIA,"[0.0015992459375411272, 0.7664756774902344, 0.23192505538463593]",False
2,2,0.7222046852111816,VIRAL,VIRAL,"[0.011479775421321392, 0.2663155198097229, 0.7222046852111816]",True
2,1,0.7661105990409851,VIRAL,BACTERIA,"[0.003536442294716835, 0.7661105990409851, 0.23035290837287903]",False
2,2,0.8992618918418884,VIRAL,VIRAL,"[0.0031634627375751734, 0.09757465124130249, 0.8992618918418884]",True
2,2,0.7123568058013916,VIRAL,VIRAL,"[0.01061779074370861, 0.277025431394577, 0.7123568058013916]",True
2,2,0.3793564736843109,VIRAL,VIRAL,"[0.2942783534526825, 0.3263651430606842, 0.3793564736843109]",True
2,1,0.6976252794265747,VIRAL,BACTERIA,"[0.007129089906811714, 0.6976252794265747, 0.29524561762809753]",False
2,1,0.5568901896476746,VIRAL,BACTERIA,"[0.0076162987388670444, 0.5568901896476746, 0.43549346923828125]",False
2,2,0.7942626476287842,VIRAL,VIRAL,"[0.005846246145665646, 0.19989113509655, 0.7942626476287842]",True
2,2,0.7634970545768738,VIRAL,VIRAL,"[0.0029858110938221216, 0.233517125248909, 0.7634970545768738]",True
2,2,0.5376854538917542,VIRAL,VIRAL,"[0.0469844676554203, 0.41533011198043823, 0.5376854538917542]",True
2,0,0.9786354899406433,VIRAL,NORMAL,"[0.9786354899406433, 0.008811108767986298, 0.012553309090435505]",False
2,2,0.8944947123527527,VIRAL,VIRAL,"[0.029669953510165215, 0.07583538442850113, 0.8944947123527527]",True
2,2,0.5346617102622986,VIRAL,VIRAL,"[0.001953466795384884, 0.46338486671447754, 0.5346617102622986]",True
2,1,0.7481329441070557,VIRAL,BACTERIA,"[0.010796512477099895, 0.7481329441070557, 0.24107061326503754]",False
2,1,0.6262252330780029,VIRAL,BACTERIA,"[0.007706646807491779, 0.6262252330780029, 0.36606812477111816]",False
2,2,0.5344642400741577,VIRAL,VIRAL,"[0.05477595701813698, 0.4107598066329956, 0.5344642400741577]",True
2,1,0.5527470111846924,VIRAL,BACTERIA,"[0.002791013801470399, 0.5527470111846924, 0.44446200132369995]",False
2,2,0.8730888366699219,VIRAL,VIRAL,"[0.003874980378895998, 0.1230362132191658, 0.8730888366699219]",True
2,2,0.7969319820404053,VIRAL,VIRAL,"[0.023034080862998962, 0.18003392219543457, 0.7969319820404053]",True
2,2,0.5123468041419983,VIRAL,VIRAL,"[0.002968669170513749, 0.484684556722641, 0.5123468041419983]",True
2,2,0.8624846935272217,VIRAL,VIRAL,"[0.010223190300166607, 0.12729215621948242, 0.8624846935272217]",True
2,2,0.6027255058288574,VIRAL,VIRAL,"[0.13325804471969604, 0.26401644945144653, 0.6027255058288574]",True
2,2,0.8845619559288025,VIRAL,VIRAL,"[0.046629611402750015, 0.06880843639373779, 0.8845619559288025]",True
